"HITId","HITTypeId","Title","Description","Keywords","Reward","CreationTime","MaxAssignments","RequesterAnnotation","AssignmentDurationInSeconds","AutoApprovalDelayInSeconds","Expiration","NumberOfSimilarHITs","LifetimeInSeconds","AssignmentId","WorkerId","AssignmentStatus","AcceptTime","SubmitTime","AutoApprovalTime","ApprovalTime","RejectionTime","RequesterFeedback","WorkTimeInSeconds","LifetimeApprovalRate","Last30DaysApprovalRate","Last7DaysApprovalRate","Input.chunk_1_id","Input.chunk_1_start","Input.chunk_1_end","Input.chunk_1_text","Input.chunk_1_url","Input.chunk_2_id","Input.chunk_2_start","Input.chunk_2_end","Input.chunk_2_text","Input.chunk_2_url","Input.chunk_3_id","Input.chunk_3_start","Input.chunk_3_end","Input.chunk_3_text","Input.chunk_3_url","Input.chunk_4_id","Input.chunk_4_start","Input.chunk_4_end","Input.chunk_4_text","Input.chunk_4_url","Input.chunk_5_id","Input.chunk_5_start","Input.chunk_5_end","Input.chunk_5_text","Input.chunk_5_url","Answer.Age","Answer.Country","Answer.Gender","Answer.chunk_1_transcription","Answer.chunk_2_transcription","Answer.chunk_3_transcription","Answer.chunk_4_transcription","Answer.chunk_5_transcription","Answer.“chunk_1_polarity”","Answer.“chunk_2_polarity”","Answer.“chunk_3_polarity”","Answer.“chunk_4_polarity”","Answer.“chunk_5_polarity”","Approve","Reject"
"3KLL7H3EGDEBPXCY88G62H2BU93HV4","334916ZQEKI2THGM3RRFLMBOLZRTZK","Analyze the sentiment of audio-only fragments of a review","Analyze the sentiment of five different fragments from various reviews.","survey, sentiment, audio","$0.15","Wed May 28 21:49:42 GMT 2014","10","BatchId:1549412;","3600","604800","Wed Jun 04 21:49:42 GMT 2014","","","3TR2532VIQ7POXPHL2GLRMXAPDH6JQ","A2HQHBR7Z4AI56","Submitted","Thu May 29 16:10:25 GMT 2014","Thu May 29 16:15:21 GMT 2014","Thu Jun 05 09:15:21 PDT 2014","","","","296","0% (0/0)","0% (0/0)","0% (0/0)","5.1","0","12","","'ZIZLyheuu_E'","13.2","36","57","Ok, imagine a film starring the little girl in the red coat from Schindler's list and Roberto Benigni's character in Life is Beautiful and the entire cast of Requiem for a Dream and the dog from Marley and Me, starring in a film codirected by Michael Haneke, Lars Von Trier, and Darren Aronofsky.","'GHjV4avE88U'","15.2","21","62","And I must say when I first started reading, I thought this is fantastic, but probably it's not going to be for me. Harvest is set in a non-specific time and setting, although it's obvious that it was at least a couple of centuries ago. And I'm more used to reading stuff that's set in more recent times; books that are written with language that is perhaps more economical, uh short sentences, to the point, because that's the sort of stuff I like to write as well as read. But Harvest is anything but economical in it's language. It is beautifully written. It is lyrical, it's like reading a giant poem with sentences and stuff. And so within a few pages I'd realized that my initial assumption that I wasn't going to enjoy this book was going to be absolute nonsense, and I really got into it.","'2QrAtMFLSj0'","36.9","221","233","I personally think, Mr. and Mrs. Bennet, the parents, my favorite characters. Mrs. Bennet, is mental. And Mr. Bennet is the only sane person in this entire novel.","'lNyQuF647QA'","16.7","230","260","So the main takeaway there for me is about balance, about trying to find space for other things in your life and not focusing completely on one thing to the detriment of other stuff. And the examples that I used were quite social activities really, but um, it might be a second project or something like that that you want to get going because you working too intensely on whatever it is that you consider your main thing. Having a bit of variety is really important and not giving things up for the sake of it, I think, can be really important as well.","'R-jzd06vSpU'","21-40","USA","Female","","book left me in. Okay imagine a film staring, the","started reading it and I must say when I first","I personally think Mr. and Mrs. Bennett the parents, my","the goal all the time. So the main takeaway there","select one","4","5","4","4"
"338431Z1FLSTO7H4316MLTA9LP3RO8","334916ZQEKI2THGM3RRFLMBOLZRTZK","Analyze the sentiment of audio-only fragments of a review","Analyze the sentiment of five different fragments from various reviews.","survey, sentiment, audio","$0.15","Wed May 28 21:49:42 GMT 2014","10","BatchId:1549412;","3600","604800","Wed Jun 04 21:49:42 GMT 2014","","","3XCC1ODXDMOZW3RE8G3SZI0SZWSRQ7","A3TTWX1QSYZKPZ","Submitted","Fri May 30 16:38:06 GMT 2014","Fri May 30 17:04:16 GMT 2014","Fri Jun 06 10:04:16 PDT 2014","","","","1570","0% (0/0)","0% (0/0)","0% (0/0)","3.1","0","29","Hi! This is a review of Warm Bodies by Isaac Marion. I picked this up against my better judgment because I found myself rewatching the trailer over and over again. I also picked this book because I really wanted to read a book on my new Kindle Fire and this book wasn't too expensive. And this is what the cover looks like on my Kindle. There was no other way to show you the cover, I had to google an image and pull it up on my Kindle because if you click on the book cover it just becomes the book. eReader struggles. I'm not going to review my Kindle in this video, I'll make a video about that later.","'TlRagvTsqOI'","12.2","52","71","It's written in a very sparse writing style and my dog won't shut up. Very very similar to the ways of Ernest Hemingway and Fitzgerald.","'vFvBXuxI50s'","16.3","73","91","And in that way the book provided lots of Eureka moments where I was reading along thinking. of course, why have I not done that before. That's a really good idea. That's exactly what I should have been doing for the last, I don't know, 10 or 15 years. So what I thought I'd do is give you my top 3 takeaways. These are the 3 things that I'm doing now that I wasn't doing before I read the book.","'R-jzd06vSpU'","4.3","115","127","Another thing that's mentioned in this book is that people never learn how to write because all they do is tap their little keyboards. Cassia secretly learning how to write is also part of the story, which I thought was an interesting thing.","'yzzexQxoGvQ'","16.1","0","5","This is me heartily recommending that you read Steal Like an Artist by Austin Kleon.","'R-jzd06vSpU'","21-40","United Arab Emirates","Male","hi this is a review of warm bodies by issac marian. i picked this up against my better judgement","it's written in a very sparse writing style and my dog won't shut up.","and in that way the book provided lots of eureka moments","this novel. i don't think that's mentioned in this book is that people never learn how ti write","this is me hosley recommending you to read still like an artist autstin cleaon","4","2","3","2","5"
"338431Z1FLSTO7H4316MLTA9LP3RO8","334916ZQEKI2THGM3RRFLMBOLZRTZK","Analyze the sentiment of audio-only fragments of a review","Analyze the sentiment of five different fragments from various reviews.","survey, sentiment, audio","$0.15","Wed May 28 21:49:42 GMT 2014","10","BatchId:1549412;","3600","604800","Wed Jun 04 21:49:42 GMT 2014","","","3YMU66OBIOLVUKJX9FMMR0UK60XHGH","A2RYZ8Z3U7T0SE","Submitted","Fri May 30 02:42:01 GMT 2014","Fri May 30 02:45:35 GMT 2014","Thu Jun 05 19:45:35 PDT 2014","","","","214","0% (0/0)","0% (0/0)","0% (0/0)","3.1","0","29","Hi! This is a review of Warm Bodies by Isaac Marion. I picked this up against my better judgment because I found myself rewatching the trailer over and over again. I also picked this book because I really wanted to read a book on my new Kindle Fire and this book wasn't too expensive. And this is what the cover looks like on my Kindle. There was no other way to show you the cover, I had to google an image and pull it up on my Kindle because if you click on the book cover it just becomes the book. eReader struggles. I'm not going to review my Kindle in this video, I'll make a video about that later.","'TlRagvTsqOI'","12.2","52","71","It's written in a very sparse writing style and my dog won't shut up. Very very similar to the ways of Ernest Hemingway and Fitzgerald.","'vFvBXuxI50s'","16.3","73","91","And in that way the book provided lots of Eureka moments where I was reading along thinking. of course, why have I not done that before. That's a really good idea. That's exactly what I should have been doing for the last, I don't know, 10 or 15 years. So what I thought I'd do is give you my top 3 takeaways. These are the 3 things that I'm doing now that I wasn't doing before I read the book.","'R-jzd06vSpU'","4.3","115","127","Another thing that's mentioned in this book is that people never learn how to write because all they do is tap their little keyboards. Cassia secretly learning how to write is also part of the story, which I thought was an interesting thing.","'yzzexQxoGvQ'","16.1","0","5","This is me heartily recommending that you read Steal Like an Artist by Austin Kleon.","'R-jzd06vSpU'","21-40","United States","Female","Hi this is a review of Warm Bodies by Issac","murder. It's written in a very sparse writing style, and","better, and in that way the book provided lots of","this novel. Another thing that's mentioned in this book is","This is me highly recommending you read Steal like an","4","3","4","4","5"
"359AP8GAGGXIXZ0M4IZPLCPSVZR7CT","334916ZQEKI2THGM3RRFLMBOLZRTZK","Analyze the sentiment of audio-only fragments of a review","Analyze the sentiment of five different fragments from various reviews.","survey, sentiment, audio","$0.15","Wed May 28 21:49:42 GMT 2014","10","BatchId:1549412;","3600","604800","Wed Jun 04 21:49:42 GMT 2014","","","3G5F9DBFOQAECH9SYAL8R1XUTFLVHK","A2RYZ8Z3U7T0SE","Submitted","Fri May 30 02:57:56 GMT 2014","Fri May 30 03:01:47 GMT 2014","Thu Jun 05 20:01:47 PDT 2014","","","","231","0% (0/0)","0% (0/0)","0% (0/0)","8.5","164","186","I give The Maze Runner 4/5 stars, just because at the beginning it was very slow, and I really wanted my questions to be answered but they weren't being answered so it was very frustrating. But uhh I really enjoyed this book and I thought it was an excellent read it because it was so good. So I'm adding the Maze Runner to my Must Read Book list. You must read the Maze Runner.","'El0MAj7hfDc'","3.2","74","99","I love the airport setting. One of R's favorite hobbies is just going a couple of rounds on the escalator. I really enjoyed that mental image. And as you might imagine, this book depends very heavily on inner-dialog, because R can't get more than two or three words out at a time. I really enjoyed the girl in this story, who's called 'Julie'. She's pretty feisty. She's not afraid to kick some ass, she's not a frightened little bird, but she's still a normal girl. Or, you know, as normal as you can be during a zombie apocalypse.","'TlRagvTsqOI'","10.5","108","127","The plot was so amazing there was so much going on, so many things happening and I almost doubted that the book would tie up everything in the end and that there would probably be this huge cliffhanger and that I'd have to wait for the next book. But that wasn't the case at all. She tied up the book perfectly, and I just can't wait for the next book. I just want it now, I just want it now Victoria Schwab. Can you just give it to me now, huh? How bout that, yea?","'avBt9TK6-1c'","19.5","151","162","So even as objectively bad as this book really is, I should have been able to get through it quickly enough to feel as though I didn't waste a whole lot of time, I mean after all it is 95 pages.","'EgC2YG-BRxs'","34.1","0","7","Today I wanted to do a book review on the Invisible Man by H.G. Wells. This is a particularly thin book, and a pretty quick read.","'UktoIcTRHB4'","21-40","United States","Female","I give the Maze Runner four to five stars, just","I love the airport setting. One of R's favorite hobbies","the world. The plot was so amazing, there was so","feel for these characters, to the point where you're just","today I wanted to do a book review on ""The","5","4","5","4","3"
"3LEG2HW4UF0IEANQP88VXRTNHWXF2W","334916ZQEKI2THGM3RRFLMBOLZRTZK","Analyze the sentiment of audio-only fragments of a review","Analyze the sentiment of five different fragments from various reviews.","survey, sentiment, audio","$0.15","Wed May 28 21:49:42 GMT 2014","10","BatchId:1549412;","3600","604800","Wed Jun 04 21:49:42 GMT 2014","","","3G5W44VEU8VMWAK5F0PJ4SACYG0GKH","A2RYZ8Z3U7T0SE","Submitted","Fri May 30 02:26:46 GMT 2014","Fri May 30 02:29:27 GMT 2014","Thu Jun 05 19:29:27 PDT 2014","","","","161","0% (0/0)","0% (0/0)","0% (0/0)","16.4","101","117","Number 1: is start a logbook. So it's like a diary I think, but slightly shorter, but it doesn't have to be that, it could be anything you want it to be, but the idea is to keep a record of what you do everyday, just so you can look back and piece together I guess the fragments of whatever has led you to become wherever you are.","'R-jzd06vSpU'","4.5","210","223","In the comments you can let me know what you thought about Matched. Maybe you really loved it, tell me what you liked about it, or if you didn't like it tell me what you didn't like. And for those of you who read the sequel maybe you can let me know if it's better or worse than this book. I'll talk to you guys later. Doei.","'yzzexQxoGvQ'","19.6","187","199","There's no reason I shouldn't have been able to get through this without feeling as though I didn't waste a little bit of time, unfortunately, I barely got through it. And, unfortunately, I did waste a lot of time.","'EgC2YG-BRxs'","11.4","123","134","The thing that I loved most about this book was the writing. The way that Daniel Handler wrote certain things just blew my mind with how beautifully written it was. If anything I would recommend this book because the writing is so brilliant.","'AzJ6ypiGGG0'","11.5","145","155","I think another thing another thing that made this book so great for me was reading it with Ariel. We would read a certain amount of chapters each day and then come back and talk about it at night. And it just made the reading experience so much more exciting.","'AzJ6ypiGGG0'","21-40","United States","Female","is start a logbook, it's like a diary, I think","In the comments, let me know what you thought about","and why the city is barracaded in. I would really","there was a couple. The thing that I loved most","pleasing book. I think another thing that made this book","3","4","5","5","5"
"3XUY87HIVPREROJ0LDVS7QRUK2PMM0","334916ZQEKI2THGM3RRFLMBOLZRTZK","Analyze the sentiment of audio-only fragments of a review","Analyze the sentiment of five different fragments from various reviews.","survey, sentiment, audio","$0.15","Wed May 28 21:49:42 GMT 2014","10","BatchId:1549412;","3600","604800","Wed Jun 04 21:49:42 GMT 2014","","","30LB5CDZNDNKA1861Z3Q6FB9V8OZ0J","A2RYZ8Z3U7T0SE","Submitted","Fri May 30 02:20:11 GMT 2014","Fri May 30 02:26:32 GMT 2014","Thu Jun 05 19:26:32 PDT 2014","","","","381","0% (0/0)","0% (0/0)","0% (0/0)","19.7","214","223","Now I assure you I did not spend 600 dollars on this book, I actually paid about 20 for it when it was still in print. Which, yes, is still too much.","'EgC2YG-BRxs'","6.5","181","200","In general I thought that the movie was really fun, it was really interesting to watch, while fun is maybe not the right word. You actually get to see what happens during all the attacks, and you get to be with Carrie. What I really didn't like was the ending. I feel like it was a bit too soft and melodramatic in a way. I really want to watch the older Carrie adaptation as well and see how it compares.","'GfA_NcwkjmU'","5.2","49","93","It's a story about five people that all somehow end up in this same cocktail lounge in an airport. There's a woman who is meeting up with someone she's kind of dating on the internet. There's this reverend who has stole all the money that his congregation had saved up for I believe a charity. The bartender who works at the cocktail lounge is also one of the characters. There is Rachel who I thought was probably most interesting out of all of them. She had a bit of a Sherlock thing going on as in that she's really intelligent, but she just does not understand humanity, or humans. She doesn't really understand emotions, she looks at everything in a very technical way. She has had normality training, so she knows how to respond to stuff, and seeing things from her head, and then after observing her from a different character's point of view is really awesome.","'ZIZLyheuu_E'","34.3","69","85","Sticking with the theme of other, it's strange that Wells put so much emphasis on how stupid some people are and how intelligent others are. You get a kinda feel for Wells' writing style and his tone and his voice and so on, which is lovely. It's very easy to follow.","'UktoIcTRHB4'","16.5","140","160","Number 2, is to have 2 workspaces. An analog workspace and a digital workspace. This is something that I, I've no idea why I've not done this before. But basically, the idea is that you have a space for you computer, and then get rid of the computer and have another space where you just use pen, paper, scissors, post-it notes, whatever you can get your hands on basically.","'R-jzd06vSpU'","21-40","United States","Female","Subscribe above or below, or where to the side or","In general I thought that the movie was really fun","book. It's a story about five people that somehow end","Sticking with the theme of other, it's strange that Wells","Number two is to have two workspaces, an analog workspace","4","4","4","3","4"
"3XUY87HIVPREROJ0LDVS7QRUK2PMM0","334916ZQEKI2THGM3RRFLMBOLZRTZK","Analyze the sentiment of audio-only fragments of a review","Analyze the sentiment of five different fragments from various reviews.","survey, sentiment, audio","$0.15","Wed May 28 21:49:42 GMT 2014","10","BatchId:1549412;","3600","604800","Wed Jun 04 21:49:42 GMT 2014","","","33FOTY3KENY79XIE54NI9MTYRIS1C9","A2HQHBR7Z4AI56","Submitted","Thu May 29 16:15:33 GMT 2014","Thu May 29 16:19:53 GMT 2014","Thu Jun 05 09:19:53 PDT 2014","","","","260","0% (0/0)","0% (0/0)","0% (0/0)","19.7","214","223","Now I assure you I did not spend 600 dollars on this book, I actually paid about 20 for it when it was still in print. Which, yes, is still too much.","'EgC2YG-BRxs'","6.5","181","200","In general I thought that the movie was really fun, it was really interesting to watch, while fun is maybe not the right word. You actually get to see what happens during all the attacks, and you get to be with Carrie. What I really didn't like was the ending. I feel like it was a bit too soft and melodramatic in a way. I really want to watch the older Carrie adaptation as well and see how it compares.","'GfA_NcwkjmU'","5.2","49","93","It's a story about five people that all somehow end up in this same cocktail lounge in an airport. There's a woman who is meeting up with someone she's kind of dating on the internet. There's this reverend who has stole all the money that his congregation had saved up for I believe a charity. The bartender who works at the cocktail lounge is also one of the characters. There is Rachel who I thought was probably most interesting out of all of them. She had a bit of a Sherlock thing going on as in that she's really intelligent, but she just does not understand humanity, or humans. She doesn't really understand emotions, she looks at everything in a very technical way. She has had normality training, so she knows how to respond to stuff, and seeing things from her head, and then after observing her from a different character's point of view is really awesome.","'ZIZLyheuu_E'","34.3","69","85","Sticking with the theme of other, it's strange that Wells put so much emphasis on how stupid some people are and how intelligent others are. You get a kinda feel for Wells' writing style and his tone and his voice and so on, which is lovely. It's very easy to follow.","'UktoIcTRHB4'","16.5","140","160","Number 2, is to have 2 workspaces. An analog workspace and a digital workspace. This is something that I, I've no idea why I've not done this before. But basically, the idea is that you have a space for you computer, and then get rid of the computer and have another space where you just use pen, paper, scissors, post-it notes, whatever you can get your hands on basically.","'R-jzd06vSpU'","21-40","USA","Female","describe above or below or where to the side or","wrong. In general I felt the movie was really fun","book. Its a story about 5 people that all somehow","sticking with the theme of other, its strange that Wells","Number 2 is to have 2 work spaces, an analog","3","2","5","4","4"
"3LN3BXKGC08A4QHSEC3K3J9OMIRWGT","334916ZQEKI2THGM3RRFLMBOLZRTZK","Analyze the sentiment of audio-only fragments of a review","Analyze the sentiment of five different fragments from various reviews.","survey, sentiment, audio","$0.15","Wed May 28 21:49:42 GMT 2014","10","BatchId:1549412;","3600","604800","Wed Jun 04 21:49:42 GMT 2014","","","31LVTDXBL8NO56B1GBVWIW1YPP0LR5","A2HQHBR7Z4AI56","Submitted","Thu May 29 16:05:49 GMT 2014","Thu May 29 16:10:11 GMT 2014","Thu Jun 05 09:10:11 PDT 2014","","","","262","0% (0/0)","0% (0/0)","0% (0/0)","2.4","137","162","And then of course there was the Dutch aspect. John's spent about three months in Amsterdam last year so he knows what it's like to be in Amsterdam and that is what makes it so legit. For those of you who don't know I'm dutch, I live in the Netherlands. I live about thirty minutes from Amsterdam by train, and I really like the picture that John paints of Amsterdam. You can tell from the book that he really likes it but I think that most of the things that are in there are completely true.","'5i0wDhyjXl8'","35.2","44","65","We have the main character Mike Nunan, a famous writer and also the narrator of the book. Mike's ex-wife dies unexpectedly at the start of the book, and subsequently Mike then finds himself with severe writer's block. Where it's not just that he can't think of anything to write, it's more that he has a physical reaction whenever he tries to write. He gets incredibly sick and nauseous.","'TOOU7qyUz-c'","14.1","38","52","","'P3IIcCtqqEo'","36.3","54","74","Now, everybody loves Mr. Bingley. He is charming. He is courageous. He is just the ideal man for any of Mrs. Bennet's daughters, but not that many people like his friend Mr. Darcy, they think he's arrogant, narcissistic, he's very proud and everyone's prejudiced against his pride.","'lNyQuF647QA'","14.2","72","79","I.. I've never read a book like this. This is a masterpiece of literature.","'P3IIcCtqqEo'","21-40","USA","Female","videos and then of course there was the dutch aspect.","we have the main character Mike Newnan, a famous writer","hello and welcome to my review of Jane Eyre by","now everybody loves Mr. Bingly.  He is charming, he is courageous","I've never read a book like this. This is a","4","3","3","3","5"
"3LN3BXKGC08A4QHSEC3K3J9OMIRWGT","334916ZQEKI2THGM3RRFLMBOLZRTZK","Analyze the sentiment of audio-only fragments of a review","Analyze the sentiment of five different fragments from various reviews.","survey, sentiment, audio","$0.15","Wed May 28 21:49:42 GMT 2014","10","BatchId:1549412;","3600","604800","Wed Jun 04 21:49:42 GMT 2014","","","3ZDAD0O1T2QWLF5IYJ3FT5X3KJHXTQ","A1T2CG5MVZWBV5","Submitted","Thu May 29 22:18:53 GMT 2014","Thu May 29 22:22:01 GMT 2014","Thu Jun 05 15:22:01 PDT 2014","","","","188","0% (0/0)","0% (0/0)","0% (0/0)","2.4","137","162","And then of course there was the Dutch aspect. John's spent about three months in Amsterdam last year so he knows what it's like to be in Amsterdam and that is what makes it so legit. For those of you who don't know I'm dutch, I live in the Netherlands. I live about thirty minutes from Amsterdam by train, and I really like the picture that John paints of Amsterdam. You can tell from the book that he really likes it but I think that most of the things that are in there are completely true.","'5i0wDhyjXl8'","35.2","44","65","We have the main character Mike Nunan, a famous writer and also the narrator of the book. Mike's ex-wife dies unexpectedly at the start of the book, and subsequently Mike then finds himself with severe writer's block. Where it's not just that he can't think of anything to write, it's more that he has a physical reaction whenever he tries to write. He gets incredibly sick and nauseous.","'TOOU7qyUz-c'","14.1","38","52","","'P3IIcCtqqEo'","36.3","54","74","Now, everybody loves Mr. Bingley. He is charming. He is courageous. He is just the ideal man for any of Mrs. Bennet's daughters, but not that many people like his friend Mr. Darcy, they think he's arrogant, narcissistic, he's very proud and everyone's prejudiced against his pride.","'lNyQuF647QA'","14.2","72","79","I.. I've never read a book like this. This is a masterpiece of literature.","'P3IIcCtqqEo'","21-40","US","Female","And then of course the Dutch aspect. John spent about","","","","","5","select one","select one","select one","select one"
"3DWGDA5POFH0LMRK6JDLAUM4DK71VP","334916ZQEKI2THGM3RRFLMBOLZRTZK","Analyze the sentiment of audio-only fragments of a review","Analyze the sentiment of five different fragments from various reviews.","survey, sentiment, audio","$0.15","Wed May 28 21:49:42 GMT 2014","10","BatchId:1549412;","3600","604800","Wed Jun 04 21:49:42 GMT 2014","","","31QTRG6Q2UQNTS2LMYGX793FXMDPY6","A2E98WNOGW8ZIG","Submitted","Thu May 29 13:27:52 GMT 2014","Thu May 29 13:48:56 GMT 2014","Thu Jun 05 06:48:56 PDT 2014","","","","1264","0% (0/0)","0% (0/0)","0% (0/0)","10.4","78","89","Throughout this book there are flashbacks between Mackenzie and her grandfather, and some of the flashbacks were some of my favorite parts of the book. It really helped build up this world but not in such a boring way. It was done in a really interesting and unique way.","'avBt9TK6-1c'","13.3","85","102","This is the most depressing novel I've ever read in my life. I mean I hated every single character, there's not one single real human being in this entire novel.","'GHjV4avE88U'","36.2","24","40","Ok so the basic story of pride and prejudice is, there are the 5 Bennet sisters, and all their mother wants, is for all 5 sisters to be married to wealthy men, and have financial stability, and for them all to live happily ever after.","'lNyQuF647QA'","3.4","179","191","In the comments you can let me know if you read the book or if you're planning on seeing the movie. I'll also put a link to the trailer in the description and I will talk to you guys later. Doei.","'TlRagvTsqOI'","11.2","59","75","So let's talk about our main character Min. Min is a character that takes a little time to get used to, and in fact at some points I wasn't sure if I even liked Min. Throughout the beginning of this book Min has a wall up. That sounded like a weird word, wallup. A wall... up. But as the book goes on she lets down her wall and lets you see her for who she is.","'AzJ6ypiGGG0'","41-60","U.S.A.","Female","about him, throughout this book there are flashbacks about Makenzie","its, this is the most depressing novel I've ever read","okay so the basic story of Pride and Prejudice is","genre, in the comments you can let me know if","reason why they broke up, so lets talk about our","4","1","3","3","3"
"302OLP89DZK0G1YKBLB9V3RIW7XCAP","334916ZQEKI2THGM3RRFLMBOLZRTZK","Analyze the sentiment of audio-only fragments of a review","Analyze the sentiment of five different fragments from various reviews.","survey, sentiment, audio","$0.15","Wed May 28 21:49:42 GMT 2014","10","BatchId:1549412;","3600","604800","Wed Jun 04 21:49:42 GMT 2014","","","3VJ40NV2QJ09R6RQXSGJAS6A8FITON","A2RYZ8Z3U7T0SE","Submitted","Fri May 30 02:29:35 GMT 2014","Fri May 30 02:33:35 GMT 2014","Thu Jun 05 19:33:35 PDT 2014","","","","240","0% (0/0)","0% (0/0)","0% (0/0)","14.4","172","185","There are many elements of this novel, there's of course the romance element, there's the teaching element, there's... there's, oddly there's a supernatural element in this as well, which I, eh, very much enjoyed, which I wasn't really expecting.","'P3IIcCtqqEo'","6.3","87","122","My only issue with this is that as soon as it gets to the kind of prom scenes, you get a lot more interviews and descriptions from other people, and what you wanna know is what's going on in Carrie's head, and it just kind of drags out a lot. The first bits of the book were definitely my favorite. Also didn't think that this book was very scary. I think if you hear about Stephen King book, you assume that it's terrifying because of monsters and blood and murder. But actually this book just kind of makes you really sad and angry. So if you really don't like horror or really scary stories, you can still give Carrie a go.","'GfA_NcwkjmU'","10.2","26","42","It may sound like an easy task, but it's not. The keepers are faced to deal with histories who are lost and confused and they're often pretty violent. not only is Mackenzie faced with the task of being a keeper, but she's facing moving to a new city, losing her brother and a mystery she feels the need to solve.","'avBt9TK6-1c'","35.5","146","159","And I do feel bad about saying that because Stephen King is one of my all-time favorite writers, I've said it before, and I will say it again because I've read quite a few of his books. This just didn't live up to expectations and just didn't do it for me.","'TOOU7qyUz-c'","4.1","0","14","Hoi. This is a review of Matched by Ally Condie. I borrowed this book from a friend a while back and I read it about one or two months ago. Matched is a book in the tradition of the young adult dystopian novels.","'yzzexQxoGvQ'","21-40","United States","Female","this book. There are many elements of this novel, there's","view. My only issue with this is that as soon","It may sound like an easy task, but it's not","and I do feel bad about saying that, because Stephen","Hi, this is a review of Matched, by Ally Condie","4","2","4","2","3"
"37VE3DA4YUUWGJES3RP61584RHMHBX","334916ZQEKI2THGM3RRFLMBOLZRTZK","Analyze the sentiment of audio-only fragments of a review","Analyze the sentiment of five different fragments from various reviews.","survey, sentiment, audio","$0.15","Wed May 28 21:49:42 GMT 2014","11","BatchId:1549412;","3600","604800","Thu Jun 05 05:55:34 GMT 2014","","","3DL65MZB8ES6TYCQHSIXG6CSGROECX","A32BIDGWOVYA9T","Rejected","Thu May 29 03:48:22 GMT 2014","Thu May 29 04:18:46 GMT 2014","Wed Jun 04 21:18:46 PDT 2014","","Wed May 28 22:55:33 PDT 2014","Transcriptions were not relevant to the audio.","1824","0% (0/1)","0% (0/1)","0% (0/1)","2.2","45","60","I don't have a copy of the actual book but I had the opportunity to read it early in December and I re-read it again this week. It's been a while since I read a John Green book and I guess I kind of forgotten how much I like them. I think the characters in this book are definitely the best he has written so far.","'5i0wDhyjXl8'","8.2","47","72","and during the night when the maze closes, creatures called Groobers come out, and if you're in the maze and the Groobers come out you'll most likely not survive. As the book goes on you learn more about the maze and you learn more about Thomas' purpose for being in the maze. I'm not gonna go on anymore cuz I feel like I could spoil it so easily, so... That's the gist of the story but I promise you it's way more intense than what I'm saying right now because it kind of just sounds silly. Boys... stuck in a maze, trying to find their way out...","'El0MAj7hfDc'","15.1","0","10","So I just finished reading Harvest by Jim Crace and according to everyone in the world, most people, it's about to win the Man Booker Prize for 2013.","'2QrAtMFLSj0'","8.1","5","28","Hey fellow book nerds. Today I'm gonna be reviewing The Maze Runner by James Dashner... Dashner, it is. Again, in my book reviews I do not do any spoilers. I will just be introducing the book and also giving my thoughts on what I thought about the book. Umm, and I will always tell you before a video if I'm going to include spoilers and I will also include it on the title so just to let you guys know.","'El0MAj7hfDc'","35.3","85","95","Anyway her father in law is like this super millionaire who tries to gain custody of her daughter, and yea other stuff happens as well.","'TOOU7qyUz-c'","21-40","india","Female","hello every body have a nice day today. going to review about","Hi, have a nice day today. going to review about","hello every body have a nice day today. going to review about","Hi, have a nice day today. going to review about","Hi every body, have a nice day today. going to review about","4","4","5","5","4"
"37VE3DA4YUUWGJES3RP61584RHMHBX","334916ZQEKI2THGM3RRFLMBOLZRTZK","Analyze the sentiment of audio-only fragments of a review","Analyze the sentiment of five different fragments from various reviews.","survey, sentiment, audio","$0.15","Wed May 28 21:49:42 GMT 2014","11","BatchId:1549412;","3600","604800","Thu Jun 05 05:55:34 GMT 2014","","","3MH9DQ757XP0Z6PH9ETLAFJA07IUGC","A2HQHBR7Z4AI56","Submitted","Thu May 29 16:26:03 GMT 2014","Thu May 29 16:31:11 GMT 2014","Thu Jun 05 09:31:11 PDT 2014","","","","308","0% (0/0)","0% (0/0)","0% (0/0)","2.2","45","60","I don't have a copy of the actual book but I had the opportunity to read it early in December and I re-read it again this week. It's been a while since I read a John Green book and I guess I kind of forgotten how much I like them. I think the characters in this book are definitely the best he has written so far.","'5i0wDhyjXl8'","8.2","47","72","and during the night when the maze closes, creatures called Groobers come out, and if you're in the maze and the Groobers come out you'll most likely not survive. As the book goes on you learn more about the maze and you learn more about Thomas' purpose for being in the maze. I'm not gonna go on anymore cuz I feel like I could spoil it so easily, so... That's the gist of the story but I promise you it's way more intense than what I'm saying right now because it kind of just sounds silly. Boys... stuck in a maze, trying to find their way out...","'El0MAj7hfDc'","15.1","0","10","So I just finished reading Harvest by Jim Crace and according to everyone in the world, most people, it's about to win the Man Booker Prize for 2013.","'2QrAtMFLSj0'","8.1","5","28","Hey fellow book nerds. Today I'm gonna be reviewing The Maze Runner by James Dashner... Dashner, it is. Again, in my book reviews I do not do any spoilers. I will just be introducing the book and also giving my thoughts on what I thought about the book. Umm, and I will always tell you before a video if I'm going to include spoilers and I will also include it on the title so just to let you guys know.","'El0MAj7hfDc'","35.3","85","95","Anyway her father in law is like this super millionaire who tries to gain custody of her daughter, and yea other stuff happens as well.","'TOOU7qyUz-c'","21-40","USA","Female","I don't have a copy of the actual book but","night when the maze closes, creatures called Grubers come out","So I just finished reading Harvest by Jim Crase and","Hey fellow book nerds, today I'm going to be reviewing","Anyway her father-in-law is like this super millionaire who tries","5","4","4","5","3"
"3EKZL9T8Y8ZFQO6YHRL1CPEM92MHC4","334916ZQEKI2THGM3RRFLMBOLZRTZK","Analyze the sentiment of audio-only fragments of a review","Analyze the sentiment of five different fragments from various reviews.","survey, sentiment, audio","$0.15","Wed May 28 21:49:42 GMT 2014","10","BatchId:1549412;","3600","604800","Wed Jun 04 21:49:42 GMT 2014","","","3ZPPDN2SLW94V05N5886EGBKA7A9E2","A2RYZ8Z3U7T0SE","Submitted","Fri May 30 02:35:54 GMT 2014","Fri May 30 02:41:59 GMT 2014","Thu Jun 05 19:41:59 PDT 2014","","","","365","0% (0/0)","0% (0/0)","0% (0/0)","5.3","127","152","The back of the book mentioned that this whole style that the book was written in is kind of in the tradition of Kurt Vonnegut and JG Ballard. To me it felt a bit Hitchhiker's Guide-y just in the fact that it explores all these questions that sometimes seem a bit irrelevant or weird but they're very interesting at the same time. The back of the book mentions that this book asks more questions than it answers and that is definitely right, and that's probably one of the most interesting things about this book.","'ZIZLyheuu_E'","35.1","0","29","Vulpine, of or a resembling a fox; cunning or crafty. Hi, this is a book review of Bag of Bones by Stephen King, which is where I learned the word vulbine. I have to say, it's quite appropriate for this channel methinks. Anyway this book was given to me by my dad along with several other Stephen King books and I chose to read this one first for several reasons. Number one because I didn't have a clue what it was about. And number 2, because it was I think the shortest novel out of the selection.","'TOOU7qyUz-c'","7.1","0","36","Hi everybody, this is Candy from The Candy Show and I'm here with another episode of Candy Reads. Today we're going to review The Outlander by Diana Gabaldon. Now I er I assume I am announcing that right, 'Gabaldon'. This is an 850 page fiction work, so this is a novel, and it's actually the first in a whole series of novels, umm that she put out. It's her very first book and it started a long series and I'm a little late to the party on this. This was first publish in 1991 by <unintelligible> Books, and so there's been quite a few since, so I've got some catching up to do in terms of my reading.","'bKnoqnXe4cU'","36.8","202","212","That's it, I'm not gonna go off on a rant, saying, 'Oh I hate Pride and Prejudice so much,' cause I didn't, right? I liked it. I liked it in moderation.","'lNyQuF647QA'","16.2","31","44","Well Steal Like an Artist isn't that kind of book, it doesn't make you feel bad about yourself, and in fact, it makes you feel really quite empowered. It doesn't beat you over the head with some kind of productivity stick. Instead it gives you practical, useful things that you can go away and do.","'R-jzd06vSpU'","21-40","United States","Female","The back of the book mentioned that this whole style","Vulpine, of or resembling a fox. Cunning or crafty. Hi","Hi everybody, it's Candy from the Candyshop. I'm here with","some sort of a list. That's it, I'm not going","myself. But still I've noticed, it isn't that kind of","4","4","4","4","4"
"3X2YVV51PUHD0BRPWTIHWW5IKT91WZ","334916ZQEKI2THGM3RRFLMBOLZRTZK","Analyze the sentiment of audio-only fragments of a review","Analyze the sentiment of five different fragments from various reviews.","survey, sentiment, audio","$0.15","Wed May 28 21:49:43 GMT 2014","10","BatchId:1549412;","3600","604800","Wed Jun 04 21:49:43 GMT 2014","","","33C7UALJVMB5XUS1OS7D70XF1SO81T","A2RYZ8Z3U7T0SE","Submitted","Fri May 30 02:45:37 GMT 2014","Fri May 30 02:57:54 GMT 2014","Thu Jun 05 19:57:54 PDT 2014","","","","737","0% (0/0)","0% (0/0)","0% (0/0)","8.4","129","143","because the first chapter is just like 'What the heck is going on?' Like I'm not just gonna read the first chapter and not read the second, y'know. So he did a really good job at just like puling you in and getting you to want to figure out why they were in the maze and what was happening and how they were going to get out of the maze.","'El0MAj7hfDc'","13.1","0","27","Wuthering Heights or Ian Brady and Myra Hindley: The Wonder Years. Hello lovely people how are you today. Today I will be reviewing Wuthering Heights, by Emily Bronte. My edition of Wuthering Heights is a penguin classics edition. It has 337 pages and contains 34 chapters","'GHjV4avE88U'","4.4","156","193","Those things I just mentioned to me were kind of the only redeeming qualities of the book. I thought the rest was pretty average, maybe borderline boring. Some of the imagery was so over the top. For example Cassia wears a green dress to the ceremony, and then later there's all these references to green, and instead of it just kind of being mentioned that she sees something green or that something is green, it's mentioned over and over again like 'look, that thing is green. Green like the dress I wore.' It was getting to a point where it was slowly getting you embarrassed for reading this in public, because I felt like people knew what kind of book this was.","'yzzexQxoGvQ'","12.5","173","188","What Camus is able to do here, is show us that as easy as it is for us to label somebody as a psychopath, and chuck em into jail, nothing is ever black and white. There's always a grey area.","'vFvBXuxI50s'","6.2","42","65","This was Stephen King's first novel, and as you can see it is quite short. It's one of those very familiar stories where most people I think know what happens to Carrie at prom. But what kind of really shocked me was just the mother is so abusive and so just messed up. You don't really expect to feel sorry for Carrie, you think she's the monster, but while you're reading this you're kind of rooting for Carrie.","'GfA_NcwkjmU'","21-40","United States","Female","because the first chaper is just like, ""What the heck","Wuthering Heights, or Ian Braidy and Myra Hyndley the Wonder","Kind of lied. Those things I just mentioned, to me,","What Camus is able to do here, is show us","hand. This was Stephen King's first novel, as you can","4","4","2","4","4"